text,aspect,sentiment,is_implicit,prediction
"Boot time is super fast, around anywhere from 35 seconds to 1 minute.",Boot time,positive,False,positive
tech support would not fix the problem unless I bought your plan for $150 plus.,tech support,negative,False,negative
Set up was easy.,Set up,positive,False,positive
Did not enjoy the new Windows 8 and touchscreen functions.,Windows 8,negative,False,negative
Did not enjoy the new Windows 8 and touchscreen functions.,touchscreen functions,negative,False,negative
"Other than not being a fan of click pads (industry standard these days) and the lousy internal speakers, it's hard for me to find things about this notebook I don't like, especially considering the $350 price tag.",internal speakers,negative,False,negative
"Other than not being a fan of click pads (industry standard these days) and the lousy internal speakers, it's hard for me to find things about this notebook I don't like, especially considering the $350 price tag.",price tag,positive,True,positive
"Other than not being a fan of click pads (industry standard these days) and the lousy internal speakers, it's hard for me to find things about this notebook I don't like, especially considering the $350 price tag.",click pads,negative,True,negative
No installation disk (DVD) is included.,installation disk (DVD),neutral,True,negative
"It's fast, light, and simple to use.",use,positive,False,positive
"Works well, and I am extremely happy to be back to an apple OS.",Works,positive,False,positive
"Works well, and I am extremely happy to be back to an apple OS.",apple OS,positive,False,positive
Sure it's not light and slim but the features make up for it 100%.,features,positive,False,positive
"I am pleased with the fast log on, speedy WiFi connection and the long battery life (>6 hrs).",log on,positive,False,positive
"I am pleased with the fast log on, speedy WiFi connection and the long battery life (>6 hrs).",WiFi connection,positive,False,positive
"I am pleased with the fast log on, speedy WiFi connection and the long battery life (>6 hrs).",battery life,positive,False,positive
The Apple engineers have not yet discovered the delete key.,delete key,negative,False,negative
Made interneting (part of my business) very difficult to maintain.,interneting,negative,False,negative
"Luckily, for all of us contemplating the decision, the Mac Mini is priced just right.",priced,positive,False,positive
"Super light, super sexy and everything just works.",works,positive,True,positive
"Only problem that I had was that the track pad was not very good for me, I only had a problem once or twice with it, But probably my computer was a bit defective.",track pad,negative,False,negative
It is super fast and has outstanding graphics.,graphics,positive,False,positive
But the mountain lion is just too slow.,mountain lion,negative,False,negative
Strong build though which really adds to its durability.,durability,positive,False,positive
Strong build though which really adds to its durability.,build,positive,False,positive
The battery life is excellent- 6-7 hours without charging.,battery life,positive,False,positive
I've had my computer for 2 weeks already and it works perfectly.,works,positive,False,positive
And I may be the only one but I am really liking Windows 8.,Windows 8,positive,False,positive
The baterry is very longer.,baterry,positive,False,positive
Its size is ideal and the weight is acceptable.,size,positive,False,positive
Its size is ideal and the weight is acceptable.,weight,positive,False,positive
I can say that I am fully satisfied with the performance that the computer has supplied.,performance,positive,False,positive
"This laptop has only 2 USB ports, and they are both on the same side.",USB ports,negative,True,negative
It has so much more speed and the screen is very sharp.,speed,positive,False,positive
It has so much more speed and the screen is very sharp.,screen,positive,False,positive
Everything I wanted and everything I needed and the price was great!,price,positive,False,positive
It's not inexpensive but the Hardware performance is impressive for a computer this small.,Hardware performance,positive,False,positive
"This thing is awesome, everything always works, everything is always easy to set up, everything is compatible, its literally everything I could ask for.",works,positive,False,positive
"This thing is awesome, everything always works, everything is always easy to set up, everything is compatible, its literally everything I could ask for.",set up,positive,False,positive
Keyboard responds well to presses.,Keyboard,positive,False,positive
"Lastly, Windows 8 is annoying.",Windows 8,negative,False,negative
Everything is so easy and intuitive to setup or configure.,setup,positive,False,positive
Everything is so easy and intuitive to setup or configure.,configure,positive,False,positive
Biggest complaint is Windows 8 .,Windows 8,negative,False,negative
Only 2 usb ports...seems kind of...limited.,usb ports,negative,False,negative
It has all the expected features and more +plus a wide screen and more than roomy keyboard.,features,positive,False,positive
It has all the expected features and more +plus a wide screen and more than roomy keyboard.,screen,positive,False,positive
It has all the expected features and more +plus a wide screen and more than roomy keyboard.,keyboard,positive,False,positive
Amazing Performance for anything I throw at it.,Performance,positive,False,positive
The receiver was full of superlatives for the quality and performance.,quality,positive,False,positive
The receiver was full of superlatives for the quality and performance.,performance,positive,False,positive
I was extremely happy with the OS itself.,OS,positive,False,positive
The new MBP offers great portability and gives us confidence that we are not going to need to purchase a new laptop in 18 months.,portability,positive,False,positive
"The criticism has waned, and now I'd be the first to recommend an Air for truly portable computing.",portable computing,positive,False,positive
I would have given it 5 starts was it not for the fact that it had Windows 8,Windows 8,negative,True,negative
"MS Office 2011 for Mac is wonderful, well worth it.",MS Office 2011 for Mac,positive,False,positive
But the performance of Mac Mini is a huge disappointment.,performance,negative,False,negative
They don't just look good; they deliver excellent performance.,look,positive,False,positive
They don't just look good; they deliver excellent performance.,performance,positive,False,positive
I have had it over a year now with out a Glitch of any kind..I love the lit up keys and screen display...this thing is Fast and clear as can be.,lit up keys,positive,False,positive
I have had it over a year now with out a Glitch of any kind..I love the lit up keys and screen display...this thing is Fast and clear as can be.,screen display,positive,False,positive
The Mountain Lion OS is not hard to figure out if you are familiar with Microsoft Windows.,Mountain Lion OS,positive,False,positive
The Mountain Lion OS is not hard to figure out if you are familiar with Microsoft Windows.,Microsoft Windows,neutral,False,neutral
"However, I can refute that OSX is ""FAST"".",OSX,negative,True,negative
Enjoy using Microsoft Office!,Microsoft Office,positive,False,positive
Incredible graphics and brilliant colors.,graphics,positive,False,positive
Incredible graphics and brilliant colors.,colors,positive,False,positive
Built-in apps are purely amazing.,Built-in apps,positive,False,positive
Cons: Screen resolution.,Screen resolution,negative,True,negative
From the speed to the multi touch gestures this operating system beats Windows easily.,operating system,positive,False,positive
From the speed to the multi touch gestures this operating system beats Windows easily.,Windows,negative,True,negative
From the speed to the multi touch gestures this operating system beats Windows easily.,speed,positive,True,positive
From the speed to the multi touch gestures this operating system beats Windows easily.,multi touch gestures,positive,True,positive
I really like the size and I'm a fan of the ACERS.,size,positive,False,positive
"I opted for the SquareTrade 3-Year Computer Accidental Protection Warranty ($1500-2000) which also support ""accidents"" like drops and spills that are NOT covered by AppleCare.",SquareTrade 3-Year Computer Accidental Protection Warranty,positive,False,neutral
"I opted for the SquareTrade 3-Year Computer Accidental Protection Warranty ($1500-2000) which also support ""accidents"" like drops and spills that are NOT covered by AppleCare.",AppleCare,negative,False,neutral
It's light and easy to transport.,transport,positive,False,positive
Once you get past learning how to use the poorly designed Windows 8 Set-Up you may feel frustrated.,Windows 8 Set-Up,negative,False,negative
"It's been time for a new laptop, and the only debate was which size of the Mac laptops, and whether to spring for the retina display.",size,neutral,True,neutral
"It's been time for a new laptop, and the only debate was which size of the Mac laptops, and whether to spring for the retina display.",retina display,neutral,True,neutral
The reason why I choose apple MacBook because of their design and the aluminum casing.,design,positive,True,positive
The reason why I choose apple MacBook because of their design and the aluminum casing.,aluminum casing,positive,True,positive
The aluminum body sure makes it stand out.,aluminum body,positive,False,positive
"It is very easy to integrate bluetooth devices, and USB devices are recognized almost instantly.",integrate bluetooth devices,positive,False,positive
"It is very easy to integrate bluetooth devices, and USB devices are recognized almost instantly.",USB devices,positive,False,positive
"And the fact that Apple is driving the 13"" RMBP with the Intel4000 graphic chip seems underpowered (to me.",Intel4000 graphic chip,negative,False,negative
Apple removed the DVD drive Firewire port (will work with adapter) and put the SDXC slot in a silly position on the back.,DVD drive Firewire port,neutral,False,negative
Apple removed the DVD drive Firewire port (will work with adapter) and put the SDXC slot in a silly position on the back.,adapter,neutral,True,neutral
Apple removed the DVD drive Firewire port (will work with adapter) and put the SDXC slot in a silly position on the back.,SDXC slot,negative,False,negative
The durability of the laptop will make it worth the money.,durability,positive,False,positive
Well designed and fast.,designed,positive,False,positive
"But I was completely wrong, this computer is UNBELIEVABLE amazing and easy to use.",use,positive,False,positive
Exactly as posted plus a great value.,value,positive,False,positive
The specs are pretty good too.,specs,positive,False,positive
"Apple is unmatched in product quality,aesthetics,craftmanship, and customer service.",product quality,positive,False,positive
"Apple is unmatched in product quality,aesthetics,craftmanship, and customer service.",aesthetics,positive,False,positive
"Apple is unmatched in product quality,aesthetics,craftmanship, and customer service.",craftmanship,positive,False,positive
"Apple is unmatched in product quality,aesthetics,craftmanship, and customer service.",customer service,positive,False,positive
It is a great size and amazing windows 8 included!,size,positive,False,positive
It is a great size and amazing windows 8 included!,windows 8,positive,False,positive
I do not like too much Windows 8.,Windows 8,negative,False,negative
Startup times are incredibly long: over two minutes.,Startup times,negative,False,negative
Also stunning colors and speedy,colors,positive,False,positive
great price free shipping what else can i ask for!!,price,positive,False,positive
great price free shipping what else can i ask for!!,shipping,positive,False,positive
This mouse is terrific.,mouse,positive,False,positive
It is really thick around the battery.,battery,neutral,False,neutral
And windows 7 works like a charm.,windows 7,positive,False,positive
":) Great product, great price, great delivery, and great service.",price,positive,False,positive
":) Great product, great price, great delivery, and great service.",delivery,positive,False,positive
":) Great product, great price, great delivery, and great service.",service,positive,False,positive
:] It arrived so fast and customer service was great.,customer service,positive,False,positive
tried windows 8 and hated it !!!,windows 8,negative,False,negative
Set up was a breeze.,Set up,positive,False,positive
But I do NOT like Win8.,Win8,negative,False,negative
I am still in the process of learning about its features.,features,neutral,True,neutral
"I had the same reasons as most PC users: the price, the overbearing restrictions of OSX and lack of support for games.",price,negative,True,negative
"I had the same reasons as most PC users: the price, the overbearing restrictions of OSX and lack of support for games.",OSX,negative,False,negative
"I had the same reasons as most PC users: the price, the overbearing restrictions of OSX and lack of support for games.",support for games,negative,False,negative
"I wanted it for it's mobility and man, this little bad boy is very nice.",mobility,positive,False,positive
I found the mini to be:Exceptionally easy to set up,set up,positive,False,positive
Having USB3 is why I bought this Mini.,USB3,positive,True,positive
The sound is nice and loud; I don't have any problems with hearing anything.,sound,positive,False,positive
"It is very slim, the track pad is very much impressed with me.",track pad,positive,False,positive
The settings are not user-friendly either.,settings,negative,False,negative
Thank goodness for OpenOffice!,OpenOffice,positive,False,positive
"Awesome form factor, great battery life, wonderful UX.",form factor,positive,False,positive
"Awesome form factor, great battery life, wonderful UX.",battery life,positive,False,positive
"Awesome form factor, great battery life, wonderful UX.",UX,positive,False,positive
i love the keyboard and the screen.,keyboard,positive,False,positive
i love the keyboard and the screen.,screen,positive,False,positive
"However, there are MAJOR issues with the touchpad which render the device nearly useless.",touchpad,negative,False,negative
I've already upgraded o Mavericks and I am impressed with everything about this computer.,Mavericks,positive,False,positive
Not as fast as I would have expect for an i5.,i5,negative,False,negative
thanks for great service and shipping!,service,positive,False,positive
thanks for great service and shipping!,shipping,positive,False,positive
"The performance seems quite good, and built-in applications like iPhoto work great with my phone and camera.",performance,positive,False,positive
"The performance seems quite good, and built-in applications like iPhoto work great with my phone and camera.",built-in applications,positive,False,positive
"The performance seems quite good, and built-in applications like iPhoto work great with my phone and camera.",iPhoto,positive,False,positive
I did swap out the hard drive for a Samsung 830 SSD which I highly recommend.,hard drive,neutral,True,neutral
I did swap out the hard drive for a Samsung 830 SSD which I highly recommend.,Samsung 830 SSD,positive,False,positive
Starts up in a hurry and everything is ready to go.,Starts up,positive,True,positive
"Yes, that's a good thing, but it's made from aluminum that scratches easily.",aluminum,negative,False,negative
Quick and has built in virus control.,built in virus control,positive,True,positive
Took a long time trying to decide between one with retina display and one without.,retina display,neutral,True,neutral
I was also informed that the components of the Mac Book were dirty.,components,negative,False,negative
"the hardware problems have been so bad, i can't wait till it completely dies in 3 years, TOPS!",hardware,negative,False,negative
It's so nice that the battery last so long and that this machine has the snow lion!,battery,positive,False,positive
It's so nice that the battery last so long and that this machine has the snow lion!,snow lion,positive,True,positive
HOWEVER I chose two day shipping and it took over a week to arrive.,shipping,negative,True,negative
"it's exactly what i wanted, and it has all the new features and whatnot.",features,positive,False,positive
Can you buy any laptop that matches the quality of a MacBook?,quality,positive,True,positive
"It feels cheap, the keyboard is not very sensitive.",keyboard,negative,False,negative
"Though please note that sometimes it crashes, and the sound quality isnt superb.",sound quality,negative,False,negative
It is very easy to navigate even for a novice.,navigate,positive,False,positive
"Does everything I need it to, has a wonderful battery life and I couldn't be happier.",battery life,positive,False,positive
Great Performance and Quality.,Performance,positive,False,positive
Great Performance and Quality.,Quality,positive,False,positive
"I used windows XP, windows Vista, and Windows 7 extensively.",windows XP,neutral,True,neutral
"I used windows XP, windows Vista, and Windows 7 extensively.",windows Vista,neutral,True,neutral
"I used windows XP, windows Vista, and Windows 7 extensively.",Windows 7,neutral,True,neutral
I did add a SSD drive and memory,SSD drive,neutral,True,neutral
I did add a SSD drive and memory,memory,neutral,True,neutral
On start up it asks endless questions just so itune can sell you more of their products.,start up,negative,True,negative
On start up it asks endless questions just so itune can sell you more of their products.,itune,negative,True,negative
I Have been a Pc user for a very long time now but I will get used to this new OS.,OS,neutral,True,neutral
"One more thing, this mac does NOT come with restore disks and I am not sure if you can make them direct from the mac like you can with newer PC's, also the charging cables are made of the same cheap material as the iPhone/iPod touch cables.",restore disks,negative,True,negative
"One more thing, this mac does NOT come with restore disks and I am not sure if you can make them direct from the mac like you can with newer PC's, also the charging cables are made of the same cheap material as the iPhone/iPod touch cables.",charging cables,negative,True,negative
"One more thing, this mac does NOT come with restore disks and I am not sure if you can make them direct from the mac like you can with newer PC's, also the charging cables are made of the same cheap material as the iPhone/iPod touch cables.",material,negative,False,negative
I bought it to my son who uses it for graphic design.,graphic design,neutral,True,neutral
I never tried any external mics with that iMac.,external mics,neutral,True,neutral
The new os is great on my macbook pro!,os,positive,False,positive
"I have experienced no problems, works as anticipated.",works,positive,False,positive
System is running great.,System,positive,False,positive
Easy to customize setting and even create your own bookmarks.,customize setting,positive,False,positive
Easy to customize setting and even create your own bookmarks.,create your own bookmarks,positive,False,positive
"The MAC Mini, wireless keyboard / mouse and a HDMI cable is all I need to get some real work done.",wireless keyboard / mouse,neutral,True,neutral
"The MAC Mini, wireless keyboard / mouse and a HDMI cable is all I need to get some real work done.",HDMI cable,neutral,True,neutral
"it has all the features that we expected and the price was good, working well so far.",features,positive,True,positive
"it has all the features that we expected and the price was good, working well so far.",price,positive,False,positive
"it has all the features that we expected and the price was good, working well so far.",working,positive,False,positive
"I work as a designer and coder and I needed a new buddy to work with, not gaming.",gaming,neutral,True,neutral
The new operating system makes this computer into a super iPad.,operating system,positive,False,positive
Easy to set up and go!,set up,positive,False,positive
I can't believe how quiet the hard drive is and how quick this thing boots up.,hard drive,positive,False,positive
I can't believe how quiet the hard drive is and how quick this thing boots up.,boots up,positive,False,positive
The only issue came when I tried scanning to the mac.,scanning,negative,True,negative
I think this is about as good as it gets at anything close to this price point.,price point,neutral,True,positive
It's just what we were looking for and it works great.,works,positive,False,positive
It's so quick and responsive that it makes working/surfing on a computer so much more pleasurable!,working,positive,False,positive
It's so quick and responsive that it makes working/surfing on a computer so much more pleasurable!,surfing,positive,False,positive
"It works fine, and all the software seems to run pretty well.",works,positive,False,positive
"It works fine, and all the software seems to run pretty well.",software,positive,False,positive
"I'm using this computer for word processing, web browsing, some gaming, and I'm learning programming.",word processing,neutral,True,neutral
"I'm using this computer for word processing, web browsing, some gaming, and I'm learning programming.",web browsing,neutral,True,neutral
"I'm using this computer for word processing, web browsing, some gaming, and I'm learning programming.",gaming,neutral,True,neutral
"I'm using this computer for word processing, web browsing, some gaming, and I'm learning programming.",programming,neutral,True,neutral
"My wife was so excited to open the box, but quickly came to see that it did not function as it should.",function,negative,True,negative
"I wanted a computer that was quite, fast, and that had overall great performance.",performance,neutral,False,positive
"Apple ""Help"" is a mixed bag.","Apple ""Help""",negative,True,negative
It suddenly can not work.,work,negative,True,negative
"Harddrive was in poor condition, had to replace it.",Harddrive,negative,False,negative
The on/off switch is a bit obscure in the rear corner.,on/off switch,negative,False,negative
My only complaint is the total lack of instructions that come with the mac mini.,instructions,negative,False,negative
"The only task that this computer would not be good enough for would be gaming, otherwise the integrated Intel 4000 graphics work well for other tasks.",gaming,negative,False,negative
"I use it mostly for content creation (Audio, video, photo editing) and its reliable.",content creation,positive,True,positive
"I use it mostly for content creation (Audio, video, photo editing) and its reliable.",Audio,positive,False,neutral
"I use it mostly for content creation (Audio, video, photo editing) and its reliable.",video,positive,False,positive
"I use it mostly for content creation (Audio, video, photo editing) and its reliable.",photo editing,positive,False,positive
Screen is bright and gorgeous.,Screen,positive,False,positive
"The only solution is to turn the brightness down, etc.",brightness,neutral,True,negative
If you want more information on macs I suggest going to apple.com and heading towards the macbook page for more information on the applications.,applications,neutral,True,neutral
"It is robust, with a friendly use as all Apple products.",use,positive,False,positive
It is fast and easy to use.,use,positive,False,positive
And the fact that it comes with an i5 processor definitely speeds things up,i5 processor,positive,False,positive
I have been PC for years but this computer is intuitive and its built in features are a great help,built in features,positive,False,positive
"Nice screen, keyboard works great!",screen,positive,False,positive
"Nice screen, keyboard works great!",keyboard,positive,False,positive
I was amazed at how fast the delivery was.,delivery,positive,False,positive
I've installed to it additional SSD and 16Gb RAM.,SSD,neutral,True,neutral
I've installed to it additional SSD and 16Gb RAM.,16Gb RAM,neutral,True,neutral
The memory was gone and it was not able to be used.,memory,negative,False,negative
It works great and I am so happy I bought it.,works,positive,False,positive
"I like the design and ease of use with the keyboard, plenty of ports.",design,positive,False,positive
"I like the design and ease of use with the keyboard, plenty of ports.",keyboard,positive,False,positive
"I like the design and ease of use with the keyboard, plenty of ports.",ports,positive,False,positive
it definitely beats my old mac and the service was great.,service,positive,False,positive
Web browsing is very quick with Safari browser.,Web browsing,positive,False,positive
Web browsing is very quick with Safari browser.,Safari browser,positive,False,positive
I like the lighted screen at night.,lighted screen,positive,False,positive
It is really easy to use and it is quick to start up.,use,positive,False,positive
It is really easy to use and it is quick to start up.,start up,positive,False,positive
I've lived with the crashes and slow operation and restarts.,operation,negative,False,negative
USB3 Peripherals are noticably less expensive than the ThunderBolt ones.,USB3 Peripherals,positive,False,positive
USB3 Peripherals are noticably less expensive than the ThunderBolt ones.,ThunderBolt,negative,True,negative
And mine had broke but I sent it in under warranty-no problems.,warranty,positive,True,positive
"It's fast, light, and is perfect for media editing, which is mostly why I bought it in the first place.",media editing,positive,False,positive
"The battery lasts as advertised (give or take 15-20 minutes), and the entire user experience is very elegant.",battery,positive,True,positive
"The battery lasts as advertised (give or take 15-20 minutes), and the entire user experience is very elegant.",user experience,positive,False,positive
Thanks for the fast shipment and great price.,shipment,positive,False,positive
Thanks for the fast shipment and great price.,price,positive,False,positive
"!Excelent performance, usability, presentation and time response.",performance,positive,False,positive
"!Excelent performance, usability, presentation and time response.",usability,positive,False,positive
"!Excelent performance, usability, presentation and time response.",presentation,positive,False,positive
"!Excelent performance, usability, presentation and time response.",time response,positive,False,positive
The smaller size was a bonus because of space restrictions.,size,positive,False,positive
I blame the Mac OS.,Mac OS,negative,False,negative
"In fact I still use manyLegacy programs (Appleworks, FileMaker Pro, Quicken, Photoshop etc)!",Legacy programs,neutral,True,positive
"In fact I still use manyLegacy programs (Appleworks, FileMaker Pro, Quicken, Photoshop etc)!",Appleworks,neutral,True,neutral
"In fact I still use manyLegacy programs (Appleworks, FileMaker Pro, Quicken, Photoshop etc)!",FileMaker Pro,neutral,True,neutral
"In fact I still use manyLegacy programs (Appleworks, FileMaker Pro, Quicken, Photoshop etc)!",Quicken,neutral,True,neutral
"In fact I still use manyLegacy programs (Appleworks, FileMaker Pro, Quicken, Photoshop etc)!",Photoshop,neutral,True,neutral
I like the operating system.,operating system,positive,False,positive
I love the form factor.,form factor,positive,False,positive
It's fast at loading the internet.,loading the internet,positive,False,positive
So much faster and sleeker looking.,looking,positive,False,positive
"Unfortunately, it runs XP and Microsoft is dropping support next April.",XP,neutral,False,negative
"Unfortunately, it runs XP and Microsoft is dropping support next April.",support,negative,False,negative
"First off, I really do like my MBP... once used to the OS it is pretty easy to get around, and the overall build is great... eg the keyboard is one of the best to type on.",OS,positive,False,positive
"First off, I really do like my MBP... once used to the OS it is pretty easy to get around, and the overall build is great... eg the keyboard is one of the best to type on.",overall build,positive,False,positive
"First off, I really do like my MBP... once used to the OS it is pretty easy to get around, and the overall build is great... eg the keyboard is one of the best to type on.",keyboard,positive,False,positive
It is made of such solid construction and since I have never had a Mac using my iPhone helped me get used to the system a bit.,construction,positive,False,positive
It is made of such solid construction and since I have never had a Mac using my iPhone helped me get used to the system a bit.,system,neutral,True,neutral
Very nice unibody construction.,unibody construction,positive,False,positive
"This Macbook Pro is fast, powerful, and runs super quiet and cool.",runs,positive,False,positive
It's ok but doesn't have a disk drive which I didn't know until after I bought it.,disk drive,neutral,False,negative
"There is no HDMI receptacle, nor is there an SD card slot located anywhere on the device.",HDMI receptacle,neutral,False,negative
"There is no HDMI receptacle, nor is there an SD card slot located anywhere on the device.",SD card slot,neutral,False,negative
It came in brand new and works perfectly.,works,positive,False,positive
"It shouldn't happen like that, I don't have any design app open or anything.",design app,neutral,False,neutral
MY TRACKPAD IS NOT WORKING.,TRACKPAD,negative,False,negative
"It looks and feels solid, with a flawless finish.",finish,positive,False,positive
"It looks and feels solid, with a flawless finish.",looks,positive,False,positive
"It looks and feels solid, with a flawless finish.",feels,positive,False,positive
Price was higher when purchased on MAC when compared to price showing on PC when I bought this product.,Price,negative,False,negative
Price was higher when purchased on MAC when compared to price showing on PC when I bought this product.,price,positive,False,negative
Then the system would many times not power down without a forced power-off.,system,negative,False,negative
Then the system would many times not power down without a forced power-off.,power down,negative,False,negative
The configuration is perfect for my needs.,configuration,positive,False,positive
and the speakers is the worst ever.,speakers,negative,False,negative
"Its the best, its got the looks, super easy to use and love all you can do with the trackpad!..",looks,positive,True,positive
"Its the best, its got the looks, super easy to use and love all you can do with the trackpad!..",use,positive,False,positive
"Its the best, its got the looks, super easy to use and love all you can do with the trackpad!..",trackpad,positive,False,positive
Web surfuring is smooth and seamless.,Web surfuring,positive,False,positive
I'm overall pleased with the interface and the portability of this product.,interface,positive,False,positive
I'm overall pleased with the interface and the portability of this product.,portability,positive,False,positive
"This item is a beautiful piece, it works well, it is easy to carry and handle.",works,positive,False,positive
"This item is a beautiful piece, it works well, it is easy to carry and handle.",carry,positive,False,positive
"This item is a beautiful piece, it works well, it is easy to carry and handle.",handle,positive,False,positive
"It was also suffering from hardware (keyboard) issues, relatively slow performance and shortening battery lifetime.",performance,negative,False,negative
"It was also suffering from hardware (keyboard) issues, relatively slow performance and shortening battery lifetime.",battery lifetime,negative,False,negative
"It was also suffering from hardware (keyboard) issues, relatively slow performance and shortening battery lifetime.",hardware (keyboard),negative,False,negative
"Runs good and does the job, can't complain about that!",Runs,positive,False,positive
It's silent and has a very small footprint on my desk.,footprint,positive,False,positive
The exterior is absolutely gorgeous.,exterior,positive,False,positive
"It has a very high performance, just for what I needed for.",performance,positive,False,positive
Apple is aware of this issue and this is either old stock or a defective design involving the intel 4000 graphics chipset.,intel 4000 graphics chipset,neutral,False,negative
Apple is aware of this issue and this is either old stock or a defective design involving the intel 4000 graphics chipset.,design,neutral,False,negative
OSX Mountain Lion  soon to upgrade to Mavericks.,OSX Mountain Lion,neutral,True,neutral
OSX Mountain Lion  soon to upgrade to Mavericks.,Mavericks,neutral,True,neutral
"I just bought the new MacBook Pro, the 13"" model, and I can't believe Apple keeps making the same mistake with regard to USB ports.",USB ports,negative,False,negative
It wakes in less than a second when I open the lid.,lid,neutral,True,neutral
It wakes in less than a second when I open the lid.,wakes,positive,True,positive
It is the perfect size and speed for me.,size,positive,False,positive
It is the perfect size and speed for me.,speed,positive,False,positive
THE CUSTOMER SERVICE IS TERRIFIC!!,CUSTOMER SERVICE,positive,False,positive
"My last laptop was a 17"" ASUS gaming machine, which performed admirably, but having since built my own desktop and really settling into the college life, I found myself wanting something smaller and less cumbersome, not to mention that the ASUS had been slowly developing problems ever since I bought it about 4 years ago.",performed,positive,False,positive
"However, it did not have any scratches, ZERO battery cycle count (pretty surprised), and all the hardware seemed to be working perfectly.",battery cycle count,positive,False,negative
"However, it did not have any scratches, ZERO battery cycle count (pretty surprised), and all the hardware seemed to be working perfectly.",hardware,positive,False,positive
After fumbling around with the OS I started searching the internet for a fix and found a number of forums on fixing the issue.,OS,negative,True,negative
And as for all the fancy finger swipes -- I just gave up and attached a mouse.,finger swipes,negative,False,negative
And as for all the fancy finger swipes -- I just gave up and attached a mouse.,mouse,neutral,True,neutral
"I needed a laptop with big storage, a nice screen and fast so I can photoshop without any problem.",storage,neutral,False,positive
"I needed a laptop with big storage, a nice screen and fast so I can photoshop without any problem.",screen,neutral,False,positive
"I needed a laptop with big storage, a nice screen and fast so I can photoshop without any problem.",photoshop,neutral,True,neutral
I like coming back to Mac OS but this laptop is lacking in speaker quality compared to my $400  old HP laptop.,Mac OS,positive,False,positive
I like coming back to Mac OS but this laptop is lacking in speaker quality compared to my $400  old HP laptop.,speaker quality,negative,False,negative
Shipped very quickly and safely.,Shipped,positive,False,positive
The thunderbolt port is awesome!,thunderbolt port,positive,False,positive
The performance is definitely superior to any computer I've ever put my hands on.,performance,positive,False,positive
It's great for streaming video and other entertainment uses.,streaming video,positive,False,positive
It's great for streaming video and other entertainment uses.,entertainment uses,positive,False,positive
I like the design and its features but there are somethings I think needs to be improved.,design,positive,False,positive
I like the design and its features but there are somethings I think needs to be improved.,features,positive,False,positive
There were small problems with Mac office.,Mac office,negative,False,negative
I understand I should call Apple Tech Support about any variables(which is my purpose of writing this con) as variables could be a bigger future problem.,Apple Tech Support,neutral,True,neutral
"I ordered my 2012 mac mini after being disappointed with spec of the new 27"" Imacs.",spec,negative,False,negative
"It still works and it's extremely user friendly, so I would recommend it for new computer user and also for those who are just looking for a more efficient way to do things",works,positive,True,positive
"Its fast, easy to use and it looks great.",use,positive,False,positive
"Its fast, easy to use and it looks great.",looks,positive,False,positive
(but Office can be purchased) IF I ever need a laptop again I am for sure purchasing another Toshiba!!,Office,neutral,True,neutral
I haven't tried the one with retina display... Maybe in the future.,retina display,neutral,True,neutral
"Performance is much much better on the Pro, especially if you install an SSD on it.",Performance,positive,False,positive
"Performance is much much better on the Pro, especially if you install an SSD on it.",SSD,positive,False,neutral
"Note, however, that any existing MagSafe accessories you have will not work with the MagSafe 2 connection.",MagSafe accessories,neutral,False,negative
"Note, however, that any existing MagSafe accessories you have will not work with the MagSafe 2 connection.",MagSafe 2 connection,negative,False,negative
"The only thing I dislike is the touchpad, alot of the times its unresponsive and does things I dont want it too, I would recommend using a mouse with it.",touchpad,negative,False,negative
"The only thing I dislike is the touchpad, alot of the times its unresponsive and does things I dont want it too, I would recommend using a mouse with it.",mouse,neutral,False,negative
"The Mac mini is about 8x smaller than my old computer which is a huge bonus and runs very quiet, actually the fans aren't audible unlike my old pc",runs,positive,False,positive
"The Mac mini is about 8x smaller than my old computer which is a huge bonus and runs very quiet, actually the fans aren't audible unlike my old pc",fans,positive,False,positive
MAYBE The Mac OS improvement were not The product they Want to offer.,Mac OS,negative,True,negative
I thought the transition would be difficult at best and would take some time to fully familiarize myself with the new Mac ecosystem.,Mac ecosystem,neutral,False,neutral
It's absolutely wonderful and worth the price!,price,positive,False,positive
I am please with the products ease of use; out of the box ready; appearance and functionality.,use,positive,False,positive
I am please with the products ease of use; out of the box ready; appearance and functionality.,appearance,positive,False,positive
I am please with the products ease of use; out of the box ready; appearance and functionality.,functionality,positive,False,positive
Perfect for all my graphic design classes I'm taking this year in college :-),graphic design,positive,False,neutral
I will not be using that slot again.,slot,negative,False,negative
"The OS is fast and fluid, everything is organized and it's just beautiful.",OS,positive,False,positive
They are simpler to use.,use,positive,False,positive
!so nice .. stable .. fast .. now i got my SSD !,SSD,positive,False,neutral
"Also, in using the built-in camera, my voice recording for my vlog sounds like the interplanetary transmissions in the ""Star Wars"" saga.",built-in camera,neutral,True,negative
"Also, in using the built-in camera, my voice recording for my vlog sounds like the interplanetary transmissions in the ""Star Wars"" saga.",voice recording,negative,True,negative
I love the quick start up.,start up,positive,False,positive
You just cannot beat the functionality of an Apple device.,functionality,positive,False,positive
Yet my mac continues to function properly.,function,positive,False,positive
Graphics are much improved.,Graphics,positive,False,positive
"Here are the things that made me confident with my purchase:Build Quality - Seriously, you can't beat a unibody construction.",Build Quality,positive,False,positive
"Here are the things that made me confident with my purchase:Build Quality - Seriously, you can't beat a unibody construction.",unibody construction,positive,False,positive
It provides much more flexibility for connectivity.,flexibility for connectivity,positive,False,positive
"I want the portability of a tablet, without the limitations of a tablet and that's where this laptop comes into play.",portability,positive,True,positive
Mac tutorials do help.,Mac tutorials,positive,False,positive
The technical support was not helpful as well.,technical support,negative,False,negative
I got the new adapter and there was no change.,adapter,neutral,False,negative
so i called technical support.,technical support,neutral,True,neutral
Came with iPhoto and garage band already loaded.,iPhoto,neutral,True,positive
Came with iPhoto and garage band already loaded.,garage band,neutral,True,positive
"Logic board utterly fried, cried, and laid down and died.",Logic board,positive,False,negative
The sound was crappy even when you turn up the volume still the same results.,sound,negative,False,negative
The sound was crappy even when you turn up the volume still the same results.,volume,negative,False,negative
OSX Lion is a great performer..extremely fast and reliable.,OSX Lion,positive,False,positive
"Having heard from friends and family about how reliable a Mac product is, I never expected to have an application crash within the first month, but I did.",application,negative,False,negative
The Macbook pro's physical form is wonderful.,physical form,positive,False,positive
The Mini's body hasn't changed since late 2010- and for a good reason.,body,positive,False,negative
The unibody construction really does feel lot more solid than Apple's previous laptops.,unibody construction,positive,False,positive
3D rendering slows it down considerably.,3D rendering,negative,False,negative
Got this Mac Mini with OS X Mountain Lion for my wife.,OS X Mountain Lion,neutral,True,neutral
"fast, great screen, beautiful apps for a laptop;priced at 1100 on the apple website;amazon had it for 1098+ tax -  plus i had a 10% off coupon from amazon-cost me 998 plus tax- 1070- OTD!",screen,positive,False,positive
"fast, great screen, beautiful apps for a laptop;priced at 1100 on the apple website;amazon had it for 1098+ tax -  plus i had a 10% off coupon from amazon-cost me 998 plus tax- 1070- OTD!",apps,positive,False,positive
"fast, great screen, beautiful apps for a laptop;priced at 1100 on the apple website;amazon had it for 1098+ tax -  plus i had a 10% off coupon from amazon-cost me 998 plus tax- 1070- OTD!",priced,neutral,True,positive
"fast, great screen, beautiful apps for a laptop;priced at 1100 on the apple website;amazon had it for 1098+ tax -  plus i had a 10% off coupon from amazon-cost me 998 plus tax- 1070- OTD!",cost,neutral,True,positive
12.44 seconds to boot.,boot,neutral,True,neutral
All the ports are much needed since this is my main computer.,ports,neutral,False,positive
"The Like New condition of the iMac MC309LL/A on Amazon is at $900+ level only, and it is a Quad-Core 2.5 GHz CPU (similar to the $799 Mini), with Radeon HD 6750M 512MB graphic card (this mini is integrated Intel 4000 card), and it even comes with wireless Apple Keyboard and Mouse, all put together in neat and nice package.",Quad-Core 2.5 GHz CPU,neutral,True,positive
"The Like New condition of the iMac MC309LL/A on Amazon is at $900+ level only, and it is a Quad-Core 2.5 GHz CPU (similar to the $799 Mini), with Radeon HD 6750M 512MB graphic card (this mini is integrated Intel 4000 card), and it even comes with wireless Apple Keyboard and Mouse, all put together in neat and nice package.",Radeon HD 6750M 512MB graphic card,neutral,True,positive
"The Like New condition of the iMac MC309LL/A on Amazon is at $900+ level only, and it is a Quad-Core 2.5 GHz CPU (similar to the $799 Mini), with Radeon HD 6750M 512MB graphic card (this mini is integrated Intel 4000 card), and it even comes with wireless Apple Keyboard and Mouse, all put together in neat and nice package.",integrated Intel 4000 card,neutral,True,positive
"The Like New condition of the iMac MC309LL/A on Amazon is at $900+ level only, and it is a Quad-Core 2.5 GHz CPU (similar to the $799 Mini), with Radeon HD 6750M 512MB graphic card (this mini is integrated Intel 4000 card), and it even comes with wireless Apple Keyboard and Mouse, all put together in neat and nice package.",wireless Apple Keyboard and Mouse,neutral,True,positive
"The Like New condition of the iMac MC309LL/A on Amazon is at $900+ level only, and it is a Quad-Core 2.5 GHz CPU (similar to the $799 Mini), with Radeon HD 6750M 512MB graphic card (this mini is integrated Intel 4000 card), and it even comes with wireless Apple Keyboard and Mouse, all put together in neat and nice package.",package,positive,False,positive
Put a cover on it and is a little better but that is my only complaint.,cover,neutral,False,positive
Within a few hours I was using the gestures unconsciously.,gestures,positive,False,neutral
This mac does come with an extender cable and I'm using mine right now hoping the cable will stay nice for the many years I plan on using this mac.,extender cable,neutral,True,positive
This mac does come with an extender cable and I'm using mine right now hoping the cable will stay nice for the many years I plan on using this mac.,cable,positive,False,positive
The 2.9ghz dual-core i7 chip really out does itself.,2.9ghz dual-core i7 chip,positive,False,positive
It is pretty snappy and starts up in about 30 seconds which is good enough for me.,starts up,positive,False,positive
Not sure on Windows 8.,Windows 8,neutral,False,neutral
My one complaint is that there was no internal CD drive.,internal CD drive,negative,False,negative
This newer netbook has no hard drive or network lights.,hard drive,neutral,False,negative
This newer netbook has no hard drive or network lights.,network lights,neutral,False,negative
"I was having a though time deciding between the 13"" MacBook Air or the MacBook Pro 13"" (Both baseline models, priced at 1,200 $ retail)",priced,neutral,True,neutral
Not too expense and has enough storage for most users and many ports.,storage,positive,False,positive
Not too expense and has enough storage for most users and many ports.,ports,positive,False,positive
The audio volume is quite low and virtually unusable in a room with any background activity.,audio volume,negative,False,negative
It is lightweight and the perfect size to carry to class.,size,positive,False,positive
I was given a demonstration of Windows 8.,Windows 8,neutral,True,neutral
The MBP is beautiful has many wonderful capabilities.,capabilities,positive,False,positive
"I thought that it will be fine, if i do some settings.",settings,neutral,False,neutral
Runs very smoothly.,Runs,positive,False,positive
Boot-up slowed significantly after all Windows updates were installed.,Boot-up,negative,False,negative
Boot-up slowed significantly after all Windows updates were installed.,Windows updates,negative,False,negative
More likely it will require replacing the logic board once they admit they have a problem and come up with a solution.,logic board,negative,True,negative
"It was important that it was powerful enough to do all of the tasks he needed on the internet, word processing, graphic design and gaming.",internet,positive,False,neutral
"It was important that it was powerful enough to do all of the tasks he needed on the internet, word processing, graphic design and gaming.",word processing,positive,False,neutral
"It was important that it was powerful enough to do all of the tasks he needed on the internet, word processing, graphic design and gaming.",graphic design,positive,False,neutral
"It was important that it was powerful enough to do all of the tasks he needed on the internet, word processing, graphic design and gaming.",gaming,positive,False,neutral
"I like the Mini Mac it was easy to setup and install, but I am learning as I go and could use a tutorial to learn how to use some of the features I was use to on the PC especially the right mouse click menu.",setup,positive,False,positive
"I like the Mini Mac it was easy to setup and install, but I am learning as I go and could use a tutorial to learn how to use some of the features I was use to on the PC especially the right mouse click menu.",install,positive,False,positive
"I like the Mini Mac it was easy to setup and install, but I am learning as I go and could use a tutorial to learn how to use some of the features I was use to on the PC especially the right mouse click menu.",tutorial,neutral,True,negative
"I like the Mini Mac it was easy to setup and install, but I am learning as I go and could use a tutorial to learn how to use some of the features I was use to on the PC especially the right mouse click menu.",features,neutral,True,neutral
"I like the Mini Mac it was easy to setup and install, but I am learning as I go and could use a tutorial to learn how to use some of the features I was use to on the PC especially the right mouse click menu.",right mouse click menu,neutral,True,neutral
Runs real quick.,Runs,positive,False,positive
Buy the separate RAM memory and you will have a rocket!,RAM memory,positive,True,positive
"Since the machine's slim profile is critical to me, that was a problem.",profile,negative,False,negative
"WiFi capability, disk drive and multiple USB ports to connect scale and printers was all that was required.",disk drive,positive,False,positive
"WiFi capability, disk drive and multiple USB ports to connect scale and printers was all that was required.",USB ports,positive,False,positive
"WiFi capability, disk drive and multiple USB ports to connect scale and printers was all that was required.",WiFi capability,positive,False,positive
"The SD card reader is slightly recessed and upside down (the nail slot on the card cannot be accessed), if this was a self ejecting slot this would not be an issue, but its not.",SD card reader,negative,False,negative
"The SD card reader is slightly recessed and upside down (the nail slot on the card cannot be accessed), if this was a self ejecting slot this would not be an issue, but its not.",nail slot on the card,negative,False,negative
"The SD card reader is slightly recessed and upside down (the nail slot on the card cannot be accessed), if this was a self ejecting slot this would not be an issue, but its not.",slot,negative,False,negative
"Soft touch, anodized aluminum with laser cut precision and no flaws.",touch,positive,False,positive
"Soft touch, anodized aluminum with laser cut precision and no flaws.",anodized aluminum,positive,False,positive
"Simple details, crafted aluminium and real glass make this laptop blow away the other plastic ridden, bulky sticker filled laptops.",aluminium,positive,False,positive
"Simple details, crafted aluminium and real glass make this laptop blow away the other plastic ridden, bulky sticker filled laptops.",glass,positive,False,positive
First of all yes this is a mac and it has that nice brushed aluminum .,aluminum,positive,False,positive
"After all was said and done, I essentially used that $450 savings to buy 16GB of RAM, TWO Seagate Momentus XT hybrid drives and an OWC upgrade kit to install the second hard drive.",16GB of RAM,neutral,True,neutral
"After all was said and done, I essentially used that $450 savings to buy 16GB of RAM, TWO Seagate Momentus XT hybrid drives and an OWC upgrade kit to install the second hard drive.",Seagate Momentus XT hybrid drives,neutral,True,neutral
"After all was said and done, I essentially used that $450 savings to buy 16GB of RAM, TWO Seagate Momentus XT hybrid drives and an OWC upgrade kit to install the second hard drive.",OWC upgrade kit,neutral,True,neutral
"After all was said and done, I essentially used that $450 savings to buy 16GB of RAM, TWO Seagate Momentus XT hybrid drives and an OWC upgrade kit to install the second hard drive.",hard drive,neutral,True,neutral
"The Dell Inspiron is fast and has a number pad on the keyboard, which I miss on my Apple laptops.",number pad on the keyboard,positive,True,positive
I was concerned that the downgrade to the regular hard drive would make it unacceptably slow but I need not have worried - this machine is the fastest I have ever owned...,regular hard drive,positive,True,neutral
This one still has the CD slot.,CD slot,neutral,True,neutral
No HDMI port.,HDMI port,neutral,False,negative
I had to install Mountain Lion and it took a good two hours.,install Mountain Lion,negative,True,neutral
Customization on mac is impossible.,Customization,negative,False,negative
I am replacing the HD with a Micron SSD soon.,HD,neutral,True,neutral
I am replacing the HD with a Micron SSD soon.,Micron SSD,neutral,True,neutral
Plus two finger clicking as a replacement for the right click button is surprisingly intuitive.,two finger clicking,positive,False,positive
Plus two finger clicking as a replacement for the right click button is surprisingly intuitive.,right click button,neutral,False,neutral
The SuperDrive is quiet.,SuperDrive,positive,False,positive
The power plug has to be connected to the power adaptor to charge the battery but won't stay connected.,power plug,negative,True,negative
The power plug has to be connected to the power adaptor to charge the battery but won't stay connected.,power adaptor,neutral,True,neutral
The power plug has to be connected to the power adaptor to charge the battery but won't stay connected.,battery,neutral,True,neutral
"The battery was completely dead, in fact it had grown about a quarter inch thick lump on the underside.",battery,negative,False,negative
if yo like practicality this is the laptop for you.,practicality,positive,False,positive
The OS is great.,OS,positive,False,positive
I tried several monitors and several HDMI cables and this was the case each time.,monitors,neutral,True,neutral
I tried several monitors and several HDMI cables and this was the case each time.,HDMI cables,neutral,True,negative
"CONS: Price is a bit ridiculous, kinda heavy.",Price,negative,False,negative
The troubleshooting said it was the AC adaptor so we ordered a new one.,AC adaptor,neutral,True,negative
Fan only comes on when you are playing a game.,Fan,neutral,True,neutral
Fan only comes on when you are playing a game.,playing a game,neutral,True,neutral
"Which it did not have, only 3 USB 2 ports.",USB 2 ports,neutral,False,negative
No startup disk was not included but that may be my fault.,startup disk,neutral,False,negative
"There is no ""tools"" menu.","""tools"" menu",neutral,True,negative
It is very fast and has everything that I need except for a word program.,word program,negative,False,negative
Needs a CD/DVD drive and a bigger power switch.,CD/DVD drive,neutral,True,negative
Needs a CD/DVD drive and a bigger power switch.,power switch,negative,False,negative
My laptop with Windows 7 crashed and I did not want Windows 8.,Windows 7,negative,False,neutral
My laptop with Windows 7 crashed and I did not want Windows 8.,Windows 8,negative,False,neutral
Easy to install also small to leave anywhere at your bedroom also very easy to configure for ADSl cable or wifi.,install,positive,False,positive
Easy to install also small to leave anywhere at your bedroom also very easy to configure for ADSl cable or wifi.,configure for ADSl cable or wifi,positive,False,positive
Nice packing.,packing,positive,False,positive
"I switched to this because I wanted something different, even though I miss windows.",windows,positive,False,negative
"Apple no longer includes iDVD with the computer and furthermore, Apple doesn't even offer it anymore!",iDVD,negative,False,negative
"I also wanted Windows 7, which this one has.",Windows 7,positive,False,positive
"At first, I feel a little bit uncomfortable in using the Mac system.",Mac system,negative,False,neutral
I am used to computers with windows so I am having a little difficulty finding my way around.,windows,neutral,True,neutral
It just works out of the box and you have a lot of cool software included with the OS.,works,positive,False,positive
It just works out of the box and you have a lot of cool software included with the OS.,software,positive,False,positive
It just works out of the box and you have a lot of cool software included with the OS.,OS,neutral,False,positive
its as advertised on here..... it works great and is not a waste of money!,works,positive,False,positive
Runs like a champ.....,Runs,positive,True,positive
Premium price for the OS more than anything else.,price,positive,False,negative
Premium price for the OS more than anything else.,OS,neutral,False,neutral
"I was a little concerned about the touch pad based on reviews, but I've found it fine to work with.",touch pad,positive,False,neutral
"The sound as mentioned earlier isn't the best, but it can be solved with headphones.",headphones,neutral,True,neutral
"However, the experience was great since the OS does not become unstable and the application will simply shutdown and reopen.",OS,positive,False,positive
"However, the experience was great since the OS does not become unstable and the application will simply shutdown and reopen.",application,positive,True,positive
"If you ask me, for this price it should be included.",price,negative,True,negative
The battery is not as shown in the product photos.,battery,negative,False,negative
Shipping was quick and product described was the product sent and so much more...,Shipping,positive,False,positive
the retina display display make pictures i took years ago jaw dropping.,retina display display,positive,False,positive
The Mac Mini is probably the simplest example of compact computing out there.,compact computing,positive,False,positive
"Instead, I'll focus more on the actual performance and feature set of the hardware itself so you can make an educated decision on which Mac to buy.",performance and feature set of the hardware,neutral,True,neutral
"Other ports include FireWire 800, Gigabit Ethernet, MagSafe port, Microphone jack.",ports,neutral,True,neutral
"Other ports include FireWire 800, Gigabit Ethernet, MagSafe port, Microphone jack.",FireWire 800,neutral,True,neutral
"Other ports include FireWire 800, Gigabit Ethernet, MagSafe port, Microphone jack.",Gigabit Ethernet,neutral,True,neutral
"Other ports include FireWire 800, Gigabit Ethernet, MagSafe port, Microphone jack.",MagSafe port,neutral,True,neutral
"Other ports include FireWire 800, Gigabit Ethernet, MagSafe port, Microphone jack.",Microphone jack,neutral,True,neutral
"Additionally, there is barely a ventilation system in the computer, and even the simple activity of watching videos let alone playing steam games causes the laptop to get very very hot, and in fact impossible to keep on lap.",ventilation system,negative,False,negative
"Additionally, there is barely a ventilation system in the computer, and even the simple activity of watching videos let alone playing steam games causes the laptop to get very very hot, and in fact impossible to keep on lap.",watching videos,neutral,False,negative
"Additionally, there is barely a ventilation system in the computer, and even the simple activity of watching videos let alone playing steam games causes the laptop to get very very hot, and in fact impossible to keep on lap.",playing steam games,neutral,False,negative
"Chatting with Acer support, I was advised the problem was corrupted operating system files.",Acer support,neutral,True,neutral
"Chatting with Acer support, I was advised the problem was corrupted operating system files.",operating system files,neutral,False,negative
It's been a couple weeks since the purchase and I'm struggle with finding the correct keys (but that was expected).,keys,neutral,False,negative
"Many people complain about the new OS, and it's urgent for Apple to fix it asap!",OS,negative,False,negative
Now that I have upgraded to Lion I am much happier about MAC OS and have just bought an iMac for office.,Lion,positive,False,positive
Now that I have upgraded to Lion I am much happier about MAC OS and have just bought an iMac for office.,MAC OS,positive,False,positive
User upgradeable RAM and HDD.,RAM,positive,False,neutral
User upgradeable RAM and HDD.,HDD,positive,False,neutral
But I wanted the Pro for the CD/DVD player.,CD/DVD player,positive,False,neutral
I was a little worry at first because I don't have a lot of experience with os.x and windows has always been second nature to me after many years of using windows.,os.x,neutral,False,neutral
I was a little worry at first because I don't have a lot of experience with os.x and windows has always been second nature to me after many years of using windows.,windows,positive,True,positive
I was a little worry at first because I don't have a lot of experience with os.x and windows has always been second nature to me after many years of using windows.,windows,neutral,True,positive
With the softwares supporting the use of other OS makes it much better.,OS,neutral,False,neutral
With the softwares supporting the use of other OS makes it much better.,softwares,neutral,False,positive
"I then upgraded to Mac OS X 10.8 ""Mountain Lion"".","Mac OS X 10.8 ""Mountain Lion""",neutral,True,neutral
"I was considering buying the Air, but in reality, this one has a more powerful performance and seems much more convenient, even though it's about .20 inch thicker and 2 lbs heavier.",performance,positive,False,positive
"At home and the office it gets plugged into an external 24"" LCD screen, so built in screen size is not terribly important.",built in screen size,neutral,False,neutral
"At home and the office it gets plugged into an external 24"" LCD screen, so built in screen size is not terribly important.","external 24"" LCD screen",neutral,True,neutral
Just beware no DVD slot so when I went to install software I had on CD I couldn't.,install software,negative,True,negative
Just beware no DVD slot so when I went to install software I had on CD I couldn't.,DVD slot,neutral,False,negative
"I bought it to be able to dedicate a small, portable laptop to my writing and was surprised to learn that I needed to buy a word processing program to do so.",word processing program,neutral,True,neutral
"This version of MacBook Pro runs on a third-generation CPU (""Ivy Bridge""), not the latest fourth-generation Haswell CPU the 2013 version has.","third-generation CPU (""Ivy Bridge"")",neutral,True,neutral
"This version of MacBook Pro runs on a third-generation CPU (""Ivy Bridge""), not the latest fourth-generation Haswell CPU the 2013 version has.",fourth-generation Haswell CPU,neutral,True,neutral
No Cd Rom in the new version there's no way I'm spending that kind of money on something has less features than the older version.,Cd Rom,neutral,False,negative
No Cd Rom in the new version there's no way I'm spending that kind of money on something has less features than the older version.,features,negative,False,negative
the volume is really low to low for a laptopwas not expectin t volume to be so lowan i hate that about this computer,volume,negative,False,negative
the volume is really low to low for a laptopwas not expectin t volume to be so lowan i hate that about this computer,volume,negative,False,negative
and its not hard to accidentally bang it against something so i recommend getting a case to protect it.,case,neutral,False,neutral
I got this at an amazing price from Amazon and it arrived just in time.,price,positive,False,positive
"Every time I log into the system after a few hours, there is this endlessly frustrating process that I have to go through.",log into the system,negative,False,negative
"Put a SSD and use a 21"" LED screen, this set up is silky smooth!","21"" LED screen",neutral,True,positive
"Put a SSD and use a 21"" LED screen, this set up is silky smooth!",SSD,neutral,True,neutral
"Put a SSD and use a 21"" LED screen, this set up is silky smooth!",set up,positive,False,positive
"The case is now slightly larger than the previous generation, but the lack of an external power supply justifies the small increase in size.",case,negative,False,negative
"The case is now slightly larger than the previous generation, but the lack of an external power supply justifies the small increase in size.",external power supply,neutral,False,negative
"I had to buy a wireless mouse to go with it, as I am old school and hate the pad, but knew that before I bought it, now it works great, need to get adjusted to the key board, as I am used to a bigger one and pounding.",wireless mouse,neutral,True,neutral
"I had to buy a wireless mouse to go with it, as I am old school and hate the pad, but knew that before I bought it, now it works great, need to get adjusted to the key board, as I am used to a bigger one and pounding.",pad,negative,False,negative
"I had to buy a wireless mouse to go with it, as I am old school and hate the pad, but knew that before I bought it, now it works great, need to get adjusted to the key board, as I am used to a bigger one and pounding.",works,positive,False,positive
"I had to buy a wireless mouse to go with it, as I am old school and hate the pad, but knew that before I bought it, now it works great, need to get adjusted to the key board, as I am used to a bigger one and pounding.",key board,neutral,True,negative
"When considering a Mac, look at the total cost of ownership and not just the initial price tag.",cost of ownership,neutral,True,neutral
"When considering a Mac, look at the total cost of ownership and not just the initial price tag.",price tag,neutral,True,neutral
"Has all the other features I wanted including a VGA port, HDMI, ethernet and 3 USB ports.",features,positive,False,positive
"Has all the other features I wanted including a VGA port, HDMI, ethernet and 3 USB ports.",VGA port,neutral,False,positive
"Has all the other features I wanted including a VGA port, HDMI, ethernet and 3 USB ports.",HDMI,neutral,False,positive
"Has all the other features I wanted including a VGA port, HDMI, ethernet and 3 USB ports.",ethernet,neutral,False,positive
"Has all the other features I wanted including a VGA port, HDMI, ethernet and 3 USB ports.",USB ports,neutral,False,positive
The only thing I dislike about this laptop are the rubber pads found on the bottom of the computer for grip.,rubber pads,negative,False,negative
It's a decent computer for the price and hopefully it will last a long time.,price,neutral,False,positive
The nicest  part is the low heat output and ultra quiet operation.,heat output,positive,False,positive
The nicest  part is the low heat output and ultra quiet operation.,operation,positive,False,positive
I will upgrade the ram myself (because with this model you can you can do it) later on.,upgrade the ram,positive,True,neutral
The price is 200 dollars down.,price,positive,True,positive
"this Mac Mini does not have a built-in mic, and it would seem that its Mac OS 10.9 does not handle external microphones properly.",built-in mic,neutral,False,negative
"this Mac Mini does not have a built-in mic, and it would seem that its Mac OS 10.9 does not handle external microphones properly.",Mac OS 10.9,negative,False,negative
"this Mac Mini does not have a built-in mic, and it would seem that its Mac OS 10.9 does not handle external microphones properly.",external microphones,neutral,True,negative
A lot of features and shortcuts on the MBP that I was never exposed to on a normal PC.,features,neutral,False,positive
A lot of features and shortcuts on the MBP that I was never exposed to on a normal PC.,shortcuts,neutral,False,positive
Wasn't sure if I was going to like it much less love it so I went to a local best buy and played around with the IOS system on a Mac Pro and it was totally unique and different.,IOS system,positive,False,neutral
air has higher resolution but the fonts are small.,resolution,positive,False,positive
air has higher resolution but the fonts are small.,fonts,negative,False,negative
"working with Mac is so much easier, so many cool features.",working,positive,False,positive
"working with Mac is so much easier, so many cool features.",features,positive,False,positive
I like the brightness and adjustments.,brightness,positive,False,positive
I like the brightness and adjustments.,adjustments,positive,False,positive
I only wish this mac had a CD/DVD player built in.,CD/DVD player,neutral,False,negative
The only thing I miss is that my old Alienware laptop had backlit keys.,backlit keys,negative,False,negative
"The only thing I miss are the ""Home/End"" type keys and other things that I grew accustomed to after so long.","""Home/End"" type keys",neutral,True,negative
"So happy with this purchase, I just wish it came with Microsoft Word.",Microsoft Word,neutral,False,negative
It has enough memory and speed to run my business with all the flexibility that comes with a laptop.,memory,positive,False,positive
It has enough memory and speed to run my business with all the flexibility that comes with a laptop.,speed,positive,False,positive
It has enough memory and speed to run my business with all the flexibility that comes with a laptop.,flexibility,positive,True,positive
"The speed, the simplicity, the design.. it is lightyears ahead of any PC I have ever owned.",speed,positive,True,positive
"The speed, the simplicity, the design.. it is lightyears ahead of any PC I have ever owned.",simplicity,positive,True,positive
"The speed, the simplicity, the design.. it is lightyears ahead of any PC I have ever owned.",design,positive,True,positive
"The battery life is excellent, the display is excellent, and downloading apps is a  breeze.",battery life,positive,False,positive
"The battery life is excellent, the display is excellent, and downloading apps is a  breeze.",display,positive,False,positive
"The battery life is excellent, the display is excellent, and downloading apps is a  breeze.",downloading apps,positive,False,positive
"The screen, the software and the smoothness of the operating system.",screen,positive,True,positive
"The screen, the software and the smoothness of the operating system.",software,positive,True,positive
"The screen, the software and the smoothness of the operating system.",operating system,positive,False,positive
i have dropped mine a couple times with only a slim plastic case covering it.,slim plastic case,neutral,True,neutral
I also made a recovery USB stick.,recovery USB stick,neutral,True,neutral
"But with this laptop, the bass is very weak and the sound comes out sounding tinny.",bass,negative,False,negative
"But with this laptop, the bass is very weak and the sound comes out sounding tinny.",sound,negative,False,negative
"The built quality is really good, I was so Happy and excited about this Product.",built quality,positive,False,positive
I am loving the fast performance also.,performance,positive,False,positive
"Further, this Mac Mini has a sloppy Bluetooth interface (courtesy of the Mac OS) and the range is poor.",Bluetooth interface,negative,False,negative
"Further, this Mac Mini has a sloppy Bluetooth interface (courtesy of the Mac OS) and the range is poor.",Mac OS,negative,False,negative
"Further, this Mac Mini has a sloppy Bluetooth interface (courtesy of the Mac OS) and the range is poor.",range,negative,False,negative
If you start on the far right side and scroll to your left the start menu will automatically come up.,start menu,neutral,True,neutral
My only gripe would be the need to add more RAM.,RAM,negative,False,negative
Fine if you have a touch screen.,touch screen,neutral,False,neutral
"As far as user type - I dabble in everything from games (WoW) to Photoshop, but nothing professionally.",games,neutral,True,neutral
"As far as user type - I dabble in everything from games (WoW) to Photoshop, but nothing professionally.",Photoshop,neutral,True,neutral
"I re-seated the ""WLAN"" card inside and re-installed the LAN device drivers.","""WLAN"" card",neutral,True,neutral
"I re-seated the ""WLAN"" card inside and re-installed the LAN device drivers.",LAN device drivers,neutral,True,neutral
"This by far beats any computer out on the market today built well, battery life AMAZING.",built,positive,False,positive
"This by far beats any computer out on the market today built well, battery life AMAZING.",battery life,positive,False,positive
"The OS is easy, and offers all kinds of surprises.",OS,positive,False,positive
I had to get Apple Customer Support to correct the problem.,Apple Customer Support,neutral,True,positive
A veryimportant feature is Firewire 800 which in my experience works better then USB3 (in PC enabled with USB3)I was not originally sold on the MAC OS I felt it was inferior in many ways To Windows 7.,Firewire 800,positive,False,positive
A veryimportant feature is Firewire 800 which in my experience works better then USB3 (in PC enabled with USB3)I was not originally sold on the MAC OS I felt it was inferior in many ways To Windows 7.,USB3,negative,True,negative
A veryimportant feature is Firewire 800 which in my experience works better then USB3 (in PC enabled with USB3)I was not originally sold on the MAC OS I felt it was inferior in many ways To Windows 7.,USB3,neutral,True,negative
A veryimportant feature is Firewire 800 which in my experience works better then USB3 (in PC enabled with USB3)I was not originally sold on the MAC OS I felt it was inferior in many ways To Windows 7.,MAC OS,negative,False,negative
A veryimportant feature is Firewire 800 which in my experience works better then USB3 (in PC enabled with USB3)I was not originally sold on the MAC OS I felt it was inferior in many ways To Windows 7.,Windows 7,positive,True,positive
"I like iTunes, the apparent security, the Mini form factor, all the nice graphics stuff.",iTunes,positive,False,positive
"I like iTunes, the apparent security, the Mini form factor, all the nice graphics stuff.",security,positive,False,positive
"I like iTunes, the apparent security, the Mini form factor, all the nice graphics stuff.",Mini form factor,positive,True,positive
"I like iTunes, the apparent security, the Mini form factor, all the nice graphics stuff.",graphics stuff,positive,False,positive
The first time I used the card reader it took half an hour and a pair of tweezers to remove the card.,card reader,negative,True,negative
The first time I used the card reader it took half an hour and a pair of tweezers to remove the card.,remove the card,negative,True,negative
"After replacing the spinning hard disk with an ssd drive, my mac is just flying.",spinning hard disk,neutral,True,negative
"After replacing the spinning hard disk with an ssd drive, my mac is just flying.",ssd drive,positive,False,positive
I know some people complained about HDMI issues but they released a firmware patch to address that issue.,HDMI,neutral,False,negative
I know some people complained about HDMI issues but they released a firmware patch to address that issue.,firmware patch,neutral,True,positive
With the needs of a professional photographer I generally need to keep up with the best specs.,specs,neutral,False,neutral
packing and everything was perfect,packing,positive,True,positive
I called Toshiba where I gave them the serial number and they informed me that they were having issues with the mother boards.,mother boards,neutral,False,negative
"I seem to be having repeat problems as the Mother Board in this one is diagnosed as faulty, related to the graphics card.",Mother Board,negative,False,negative
"I seem to be having repeat problems as the Mother Board in this one is diagnosed as faulty, related to the graphics card.",graphics card,negative,False,negative
It also comes with 4G of RAM but if you're like me you want to max that out so I immediately put 8G of RAM in her and I've never used a computer that performs better.,4G of RAM,neutral,True,positive
It also comes with 4G of RAM but if you're like me you want to max that out so I immediately put 8G of RAM in her and I've never used a computer that performs better.,8G of RAM,neutral,True,positive
It also comes with 4G of RAM but if you're like me you want to max that out so I immediately put 8G of RAM in her and I've never used a computer that performs better.,performs,positive,False,positive
This computer is also awesome for my sons virtual home schooling.,virtual home schooling,positive,False,positive
Cost is more as compared to other brands.,Cost,negative,False,negative
also...- excellent operating system- size and weight for optimal mobility- excellent durability of the battery- the functions provided by the trackpad is unmatched by any other brand-,operating system,positive,False,positive
also...- excellent operating system- size and weight for optimal mobility- excellent durability of the battery- the functions provided by the trackpad is unmatched by any other brand-,size,positive,False,positive
also...- excellent operating system- size and weight for optimal mobility- excellent durability of the battery- the functions provided by the trackpad is unmatched by any other brand-,weight,positive,False,positive
also...- excellent operating system- size and weight for optimal mobility- excellent durability of the battery- the functions provided by the trackpad is unmatched by any other brand-,mobility,positive,False,positive
also...- excellent operating system- size and weight for optimal mobility- excellent durability of the battery- the functions provided by the trackpad is unmatched by any other brand-,durability of the battery,positive,False,positive
also...- excellent operating system- size and weight for optimal mobility- excellent durability of the battery- the functions provided by the trackpad is unmatched by any other brand-,functions provided by the trackpad,positive,False,positive
This hardware seems to be better than the iMac in that it isn't $1400 and smaller.,hardware,positive,False,positive
I've had it for about 2 months now and found no issues with software or updates.,software,neutral,False,positive
I've had it for about 2 months now and found no issues with software or updates.,updates,neutral,False,neutral
the latest version does not have a disc drive.,disc drive,neutral,False,negative
Screen - although some people might complain about low res which I think is ridiculous.,Screen,positive,False,positive
Screen - although some people might complain about low res which I think is ridiculous.,res,positive,False,negative
